episode-return, value-loss, policy-loss, old-approx-kl, approx-kl, clip-fraction, explained-variance
-1072.7840576171875, 2022750683136.0, 2185773.0, 0.18969707190990448, 0.13766571879386902, 0.5190058476046512, 0.00863039493560791
-1061.02392578125, 11471375360.0, -139126.484375, 0.052382055670022964, 0.011008881032466888, 0.3773757305584456, 0.016230881214141846
-1073.7799072265625, 2242127872.0, 61745.35546875, 0.13209009170532227, 0.024530155584216118, 0.4067982456140351, -0.03460073471069336
-1070.73388671875, 3195690240.0, -66864.3671875, 0.13904868066310883, 0.023094648495316505, 0.42123537994267646, 0.002554595470428467
-1091.085693359375, 5450563072.0, 95057.5, 0.13897296786308289, 0.021800575777888298, 0.430555555381273, -0.003860950469970703
