episode-return, value-loss, policy-loss, old-approx-kl, approx-kl, clip-fraction, explained-variance
50.228214263916016, 281.76739501953125, -21.420574188232422, -0.007821107283234596, 0.0015797733794897795, 0.08333333457509677, -0.0011385679244995117
50.46397018432617, 1589.6356201171875, 55.730751037597656, -0.0336933359503746, 0.041402772068977356, 0.7099999997350904, 0.0010147690773010254
